{"cameraMode":{"drawMode":0,"name":"Shaded","section":"Shading Mode"},"sceneLighting":false,"audioPlay":false,"sceneViewState":{"showFog":true,"showMaterialUpdate":false,"showSkybox":false,"showFlares":true,"showImageEffects":true,"showParticleSystems":true},"in2DMode":false,"pivot":{"x":3.5594263076782228,"y":0.548497200012207,"z":-1.7380945682525635},"rotation":{"x":0.06284644454717636,"y":0.1531497687101364,"z":-0.03398851677775383,"w":0.9856656789779663},"size":9.539292335510254,"orthographic":false}