{"cameraMode":{"drawMode":0,"name":"Shaded","section":"Shading Mode"},"sceneLighting":false,"audioPlay":false,"sceneViewState":{"showFog":true,"showMaterialUpdate":false,"showSkybox":false,"showFlares":true,"showImageEffects":true,"showParticleSystems":true},"in2DMode":false,"pivot":{"x":-6.8600006103515629,"y":3.2799997329711916,"z":-0.880000114440918},"rotation":{"x":0.06284644454717636,"y":0.1531497687101364,"z":-0.03398851677775383,"w":0.9856656789779663},"size":25.637367248535158,"orthographic":false}