{"cameraMode":{"drawMode":0,"name":"Shaded","section":"Shading Mode"},"sceneLighting":true,"audioPlay":false,"sceneViewState":{"showFog":true,"showMaterialUpdate":false,"showSkybox":false,"showFlares":true,"showImageEffects":true,"showParticleSystems":true},"in2DMode":false,"pivot":{"x":14.229999542236329,"y":5.230518341064453,"z":-6.090000152587891},"rotation":{"x":-0.169921875,"y":0.7269290089607239,"z":-0.15373672544956208,"w":-0.6474760174751282},"size":548.0822143554688,"orthographic":false}