{"cameraMode":{"drawMode":0,"name":"Shaded","section":"Shading Mode"},"sceneLighting":true,"audioPlay":false,"sceneViewState":{"showFog":true,"showMaterialUpdate":false,"showSkybox":true,"showFlares":true,"showImageEffects":true,"showParticleSystems":true},"in2DMode":false,"pivot":{"x":-0.07753539085388184,"y":1300.0,"z":-1.4901161193847657e-8},"rotation":{"x":-0.12007775157690048,"y":0.9034363627433777,"z":-0.2958504557609558,"w":-0.28617605566978457},"size":1.0410041809082032,"orthographic":false}