{"cameraMode":{"drawMode":0,"name":"Shaded","section":"Shading Mode"},"sceneLighting":true,"audioPlay":false,"sceneViewState":{"showFog":true,"showMaterialUpdate":false,"showSkybox":true,"showFlares":true,"showImageEffects":true,"showParticleSystems":true},"in2DMode":false,"pivot":{"x":0.45738887786865237,"y":-1.2822048664093018,"z":1.6666755676269532},"rotation":{"x":-0.19940850138664246,"y":0.07253667712211609,"z":-0.014796878211200238,"w":-0.9771314263343811},"size":0.9731742739677429,"orthographic":false}