{"cameraMode":{"drawMode":0,"name":"Shaded","section":"Shading Mode"},"sceneLighting":false,"audioPlay":false,"sceneViewState":{"showFog":true,"showMaterialUpdate":false,"showSkybox":false,"showFlares":true,"showImageEffects":true,"showParticleSystems":true},"in2DMode":false,"pivot":{"x":-0.9997062683105469,"y":-7.874704360961914,"z":9.752150535583496},"rotation":{"x":-0.12253274023532868,"y":-0.15522167086601258,"z":0.04375511780381203,"w":-0.9793362617492676},"size":74.10304260253906,"orthographic":false}