{"cameraMode":{"drawMode":0,"name":"Shaded","section":"Shading Mode"},"sceneLighting":true,"audioPlay":false,"sceneViewState":{"showFog":true,"showMaterialUpdate":false,"showSkybox":true,"showFlares":true,"showImageEffects":true,"showParticleSystems":true},"in2DMode":false,"pivot":{"x":0.5110073089599609,"y":1299.1668701171875,"z":0.028999924659729005},"rotation":{"x":-0.09968999028205872,"y":0.6413409113883972,"z":0.0845659002661705,"w":0.7560398578643799},"size":6.120392322540283,"orthographic":false}