{"cameraMode":{"drawMode":0,"name":"Shaded","section":"Shading Mode"},"sceneLighting":false,"audioPlay":false,"sceneViewState":{"showFog":true,"showMaterialUpdate":false,"showSkybox":false,"showFlares":true,"showImageEffects":true,"showParticleSystems":true},"in2DMode":false,"pivot":{"x":-3.298236846923828,"y":-2.8129920959472658,"z":8.0052490234375},"rotation":{"x":0.14129886031150819,"y":0.4728427231311798,"z":-0.10503837466239929,"w":0.8634339570999146},"size":55.66585922241211,"orthographic":false}