{"cameraMode":{"drawMode":0,"name":"Shaded","section":"Shading Mode"},"sceneLighting":false,"audioPlay":false,"sceneViewState":{"showFog":true,"showMaterialUpdate":false,"showSkybox":false,"showFlares":true,"showImageEffects":true,"showParticleSystems":true},"in2DMode":false,"pivot":{"x":3.2288994789123537,"y":1.2874791622161866,"z":-1.3732986450195313},"rotation":{"x":-0.12253274023532868,"y":-0.15522167086601258,"z":0.04375511780381203,"w":-0.9793362617492676},"size":12.33399486541748,"orthographic":false}