{"cameraMode":{"drawMode":0,"name":"Shaded","section":"Shading Mode"},"sceneLighting":false,"audioPlay":false,"sceneViewState":{"showFog":true,"showMaterialUpdate":false,"showSkybox":false,"showFlares":true,"showImageEffects":true,"showParticleSystems":true},"in2DMode":false,"pivot":{"x":-11.930000305175782,"y":2.059999942779541,"z":2.9802322387695315e-8},"rotation":{"x":-0.22255262732505799,"y":-0.4826776683330536,"z":0.15770816802978517,"w":-0.8323116302490234},"size":5.17473030090332,"orthographic":false}